Admin1@gmail.com,passwordadmin,Admin,2002-08-09,2024-01-12,Roland,MALE,34jalanutm123,601188997654,-,-,-
ydk1421@gmail.com,password123,Doctor,2002-09-09,2024-01-16,Yap Soon Fook,MALE,35JalanEmas55,601159908615,Surgery,Neurosurgery,N28a-511
aliabu@gmail.com,passwordaliabu,Patient,2001-08-31,2024-01-17,Ali bin Abu,MALE,9JalanMewah12,601176312345,-,-,-
tanwoonzhe@gmail.com,tanwoonzhe,Doctor,1998-01-01,2024-01-17,Tan Woon,MALE,40 Jalan Kebangsaan 40 Taman Universiti,1140242394,Surgery,Skin,P20-11
tanzhe@gmail.com,tanzhe,Patient,1996-04-21,2024-01-17,Tan Zhe,FEMALE,28 Jalan Kampuang 28 Taman Bandar,1130583406,-,-,-
jameswan@gmail.com,passwordjameswan,Doctor,1977-09-18,2024-01-17,James Wan,MALE,18JalanMewah7,601167543219,Internal Medicine,Cardiology,N28a-311
alextan@gmail.com,passwordalex,Doctor,1988-01-01,2024-01-17,Alex Tan,FEMALE,55LorongDew1,6011766537368,Pathology,Clinical Pathology,P11-234
robert@gmail.com,passwordrobert,Patient,1995-06-18,2024-01-17,Robert,MALE,4JalanUTM3,601178965344,-,-,-
william@gmail.com,passwordwilliam,Patient,2002-01-01,2024-01-17,William,MALE,35jalanutm,601159908615,-,-,-
